CardName,SetCode,ErrorMessage
Ajani|the Greathearted,[Errno 2] No such file or directory: 'PLST'
Alharu|Solemn Ritualist,[Errno 2] No such file or directory: 'PLST'
Ash|Party Crasher,[Errno 2] No such file or directory: 'WOE'
Ashiok|Wicked Manipulator,[Errno 2] No such file or directory: 'WOE'
Chainer|Nightmare Adept,[Errno 2] No such file or directory: 'PLST'
Chandra|Novice Pyromancer,[Errno 2] No such file or directory: 'PLST'
Contraband Livestock,PLST,Failed to upload image. Response: {'errors': [{'id': 'legacy-api-6f9c9dcd6-g7fwm/DBOMLtEvTz-2023160', 'code': '429', 'status': 'Too Many Requests', 'detail': 'Too Many Requests'}]}
Counterbalance,MB2,Failed to upload image. Response: {'errors': [{'id': 'legacy-api-6f9c9dcd6-g7fwm/DBOMLtEvTz-2023183', 'code': '429', 'status': 'Too Many Requests', 'detail': 'Too Many Requests'}]}
Crackdown,MB2,Expecting value: line 2 column 1 (char 1)
Crashing Boars,PLST,Expecting value: line 2 column 1 (char 1)
Crossbow Infantry,PLST,Failed to upload image. Response: {'errors': [{'id': 'legacy-api-6f9c9dcd6-5swfj/ZmQ5SIKnvg-2017564', 'code': '429', 'status': 'Too Many Requests', 'detail': 'Too Many Requests'}]}
Crystalline Crawler,CM2,Failed to upload image. Response: {'errors': [{'id': 'legacy-api-6f9c9dcd6-qc45c/Vr2VGemBSB-2022059', 'code': '429', 'status': 'Too Many Requests', 'detail': 'Too Many Requests'}]}
Crystalline Sliver,PLST,Failed to upload image. Response: {'errors': [{'id': 'legacy-api-6f9c9dcd6-kwn7b/Fj56TFDTC4-891875', 'code': '429', 'status': 'Too Many Requests', 'detail': 'Too Many Requests'}]}
Dark Ritual,MB2,Expecting value: line 2 column 1 (char 1)
Dark-Dweller Oracle,PLST,Expecting value: line 2 column 1 (char 1)
Dead Ringers,MB2,Expecting value: line 2 column 1 (char 1)
Deathgreeter,PLST,Failed to upload image. Response: {'errors': [{'id': 'legacy-api-6f9c9dcd6-g7fwm/DBOMLtEvTz-2023424', 'code': '429', 'status': 'Too Many Requests', 'detail': 'Too Many Requests'}]}
Deathrite Shaman,MB2,Expecting value: line 2 column 1 (char 1)
Deepfathom Echo,LCI,Failed to upload image. Response: {'errors': [{'id': 'legacy-api-6f9c9dcd6-5swfj/ZmQ5SIKnvg-2017755', 'code': '429', 'status': 'Too Many Requests', 'detail': 'Too Many Requests'}]}
Despondency,PLST,Expecting value: line 2 column 1 (char 1)
Devoted Druid,PLST,Expecting value: line 2 column 1 (char 1)
Devout Witness,PLST,Failed to upload image. Response: {'errors': [{'id': 'legacy-api-6f9c9dcd6-5swfj/ZmQ5SIKnvg-2017848', 'code': '429', 'status': 'Too Many Requests', 'detail': 'Too Many Requests'}]}
Diligent Farmhand,PLST,Failed to upload image. Response: {'errors': [{'id': 'legacy-api-6f9c9dcd6-g7fwm/DBOMLtEvTz-2023616', 'code': '429', 'status': 'Too Many Requests', 'detail': 'Too Many Requests'}]}
Dinosaur Egg,LCC,Failed to upload image. Response: {'errors': [{'id': 'legacy-api-6f9c9dcd6-qc45c/Vr2VGemBSB-2022370', 'code': '429', 'status': 'Too Many Requests', 'detail': 'Too Many Requests'}]}
Dockside Chef,PLST,Failed to upload image. Response: {'errors': [{'id': 'legacy-api-6f9c9dcd6-g7fwm/DBOMLtEvTz-2023664', 'code': '429', 'status': 'Too Many Requests', 'detail': 'Too Many Requests'}]}
Drana|the Last Bloodchief,[Errno 2] No such file or directory: 'SLD'
Dreadhound,PLST,Failed to upload image. Response: {'errors': [{'id': 'legacy-api-6f9c9dcd6-vfhd9/Qc03J8FJUm-1465907', 'code': '429', 'status': 'Too Many Requests', 'detail': 'Too Many Requests'}]}
Dreamscape Artist,PLST,Expecting value: line 2 column 1 (char 1)
Duergar Hedge-Mage,PLST,Failed to upload image. Response: {'errors': [{'id': 'legacy-api-6f9c9dcd6-kmltb/g9bUNmQLxQ-2021607', 'code': '429', 'status': 'Too Many Requests', 'detail': 'Too Many Requests'}]}
Dwarven Blastminer,PLST,Expecting value: line 2 column 1 (char 1)
Dwarven Miner,PLST,Expecting value: line 2 column 1 (char 1)
Echoing Truth,PLST,Failed to upload image. Response: {'errors': [{'id': 'legacy-api-6f9c9dcd6-g7fwm/DBOMLtEvTz-2023811', 'code': '429', 'status': 'Too Many Requests', 'detail': 'Too Many Requests'}]}
Edgewalker,PLST,Expecting value: line 2 column 1 (char 1)
Elsha of the Infinite,PLST,Expecting value: line 2 column 1 (char 1)
Elusive Otter // Grove's Bounty,WOE,Failed to upload image. Response: {'errors': [{'id': 'legacy-api-6f9c9dcd6-qc45c/Vr2VGemBSB-2022651', 'code': '429', 'status': 'Too Many Requests', 'detail': 'Too Many Requests'}]}
Elven Bow,PLST,Failed to upload image. Response: {'errors': [{'id': 'legacy-api-6f9c9dcd6-qc45c/Vr2VGemBSB-2022675', 'code': '429', 'status': 'Too Many Requests', 'detail': 'Too Many Requests'}]}
Elvish Reclaimer,MB2,Failed to upload image. Response: {'errors': [{'id': 'legacy-api-6f9c9dcd6-g7fwm/DBOMLtEvTz-2023928', 'code': '429', 'status': 'Too Many Requests', 'detail': 'Too Many Requests'}]}
Empty the Warrens,PLST,Failed to upload image. Response: {'errors': [{'id': 'legacy-api-6f9c9dcd6-kwn7b/Fj56TFDTC4-892505', 'code': '429', 'status': 'Too Many Requests', 'detail': 'Too Many Requests'}]}
Enclave Cryptologist,PLST,Failed to upload image. Response: {'errors': [{'id': 'legacy-api-6f9c9dcd6-vfhd9/Qc03J8FJUm-1466223', 'code': '429', 'status': 'Too Many Requests', 'detail': 'Too Many Requests'}]}
Epic Downfall,PLST,Failed to upload image. Response: {'errors': [{'id': 'legacy-api-6f9c9dcd6-5swfj/ZmQ5SIKnvg-2018372', 'code': '429', 'status': 'Too Many Requests', 'detail': 'Too Many Requests'}]}
Ethersworn Canonist,MB2,Failed to upload image. Response: {'errors': [{'id': 'legacy-api-6f9c9dcd6-kwn7b/Fj56TFDTC4-892593', 'code': '429', 'status': 'Too Many Requests', 'detail': 'Too Many Requests'}]}
Evangel of Heliod,PLST,Expecting value: line 2 column 1 (char 1)
Evolutionary Escalation,PLST,Expecting value: line 2 column 1 (char 1)
Expressive Iteration,MB2,Expecting value: line 2 column 1 (char 1)
Faerie Guidemother // Gift of the Fae,PLST,Expecting value: line 2 column 1 (char 1)
Faerie Macabre,MB2,Expecting value: line 2 column 1 (char 1)
Fanatical Devotion,PLST,Expecting value: line 2 column 1 (char 1)
Fanatical Offering,LCI,Failed to upload image. Response: {'errors': [{'id': 'legacy-api-6f9c9dcd6-qc45c/Vr2VGemBSB-2022999', 'code': '429', 'status': 'Too Many Requests', 'detail': 'Too Many Requests'}]}
Fanning the Flames,PLST,Expecting value: line 2 column 1 (char 1)
Farhaven Elf,SLD,Expecting value: line 2 column 1 (char 1)
Fatestitcher,PLST,Expecting value: line 2 column 1 (char 1)
Fearless Fledgling,PLST,Expecting value: line 2 column 1 (char 1)
Feign Death,PLST,Expecting value: line 2 column 1 (char 1)
Firecat Blitz,PLST,Failed to upload image. Response: {'errors': [{'id': 'legacy-api-6f9c9dcd6-g7fwm/DBOMLtEvTz-2024447', 'code': '429', 'status': 'Too Many Requests', 'detail': 'Too Many Requests'}]}
Fists of Flame,PLST,Failed to upload image. Response: {'errors': [{'id': 'legacy-api-6f9c9dcd6-kmltb/g9bUNmQLxQ-2022387', 'code': '429', 'status': 'Too Many Requests', 'detail': 'Too Many Requests'}]}
Flame Slash,PLST,Expecting value: line 2 column 1 (char 1)
Flick a Coin,WOE,Expecting value: line 2 column 1 (char 1)
Flight of Fancy,PLST,Expecting value: line 2 column 1 (char 1)
Flux,PLST,Expecting value: line 2 column 1 (char 1)
Forest,CMM,Expecting value: line 2 column 1 (char 1)
Forest,WOE,Expecting value: line 2 column 1 (char 1)
Forest Bear,MB2,Expecting value: line 2 column 1 (char 1)
Fracture,PLST,Expecting value: line 2 column 1 (char 1)
Freed from the Real,PLST,Expecting value: line 2 column 1 (char 1)
Furious Rise,PLST,Expecting value: line 2 column 1 (char 1)
Fyndhorn Elves,CMR,Failed to upload image. Response: {'errors': [{'id': 'legacy-api-6f9c9dcd6-vfhd9/Qc03J8FJUm-1467053', 'code': '429', 'status': 'Too Many Requests', 'detail': 'Too Many Requests'}]}
Gaea's Anthem,PLST,Failed to upload image. Response: {'errors': [{'id': 'legacy-api-6f9c9dcd6-g7fwm/DBOMLtEvTz-2024862', 'code': '429', 'status': 'Too Many Requests', 'detail': 'Too Many Requests'}]}
Gaea's Gift,PLST,Expecting value: line 2 column 1 (char 1)
Gamekeeper,PLST,Failed to upload image. Response: {'errors': [{'id': 'legacy-api-6f9c9dcd6-qc45c/Vr2VGemBSB-2023746', 'code': '429', 'status': 'Too Many Requests', 'detail': 'Too Many Requests'}]}
Garth One-Eye,PLST,Expecting value: line 2 column 1 (char 1)
Generous Gift,CMM,Failed to upload image. Response: {'errors': [{'id': 'legacy-api-6f9c9dcd6-g7fwm/DBOMLtEvTz-2024965', 'code': '429', 'status': 'Too Many Requests', 'detail': 'Too Many Requests'}]}
Genju of the Fields,PLST,Failed to upload image. Response: {'errors': [{'id': 'legacy-api-6f9c9dcd6-vfhd9/Qc03J8FJUm-1467228', 'code': '429', 'status': 'Too Many Requests', 'detail': 'Too Many Requests'}]}
Ghired|Conclave Exile,[Errno 2] No such file or directory: 'PLST'
Ghitu Slinger,PLST,Expecting value: line 2 column 1 (char 1)
Glimmerpoint Stag,PLST,Expecting value: line 2 column 1 (char 1)
Gloomfang Mauler,PLST,Expecting value: line 2 column 1 (char 1)
Goblin Goliath,PLST,Expecting value: line 2 column 1 (char 1)
Goblin King,MB2,Expecting value: line 2 column 1 (char 1)
Goblin Offensive,PLST,Expecting value: line 2 column 1 (char 1)
Golgari Grave-Troll,UMA,Expecting value: line 2 column 1 (char 1)
Grand Abolisher,CMM,Failed to upload image. Response: {'errors': [{'id': 'legacy-api-6f9c9dcd6-qc45c/Vr2VGemBSB-2024087', 'code': '429', 'status': 'Too Many Requests', 'detail': 'Too Many Requests'}]}
Graveshifter,PLST,Failed to upload image. Response: {'errors': [{'id': 'legacy-api-6f9c9dcd6-kmltb/g9bUNmQLxQ-2023200', 'code': '429', 'status': 'Too Many Requests', 'detail': 'Too Many Requests'}]}
Griffin Guide,PLST,Failed to upload image. Response: {'errors': [{'id': 'legacy-api-6f9c9dcd6-5swfj/ZmQ5SIKnvg-2019693', 'code': '429', 'status': 'Too Many Requests', 'detail': 'Too Many Requests'}]}
Grist|the Hunger Tide,[Errno 2] No such file or directory: 'PLST'
Ground Seal,WOT,Expecting value: line 2 column 1 (char 1)
Hand of Death,PLST,Failed to upload image. Response: {'errors': [{'id': 'legacy-api-6f9c9dcd6-vfhd9/Qc03J8FJUm-1467587', 'code': '429', 'status': 'Too Many Requests', 'detail': 'Too Many Requests'}]}
Hatchet Bully,PLST,Expecting value: line 2 column 1 (char 1)
Havoc Demon,PLST,Expecting value: line 2 column 1 (char 1)
Havoc Jester,PLST,Expecting value: line 2 column 1 (char 1)
Heart Warden,PLST,Failed to upload image. Response: {'errors': [{'id': 'legacy-api-6f9c9dcd6-kmltb/g9bUNmQLxQ-2023357', 'code': '429', 'status': 'Too Many Requests', 'detail': 'Too Many Requests'}]}
Hedge Troll,PLST,Expecting value: line 2 column 1 (char 1)
Hellspark Elemental,PLST,Failed to upload image. Response: {'errors': [{'id': 'legacy-api-6f9c9dcd6-kmltb/g9bUNmQLxQ-2023403', 'code': '429', 'status': 'Too Many Requests', 'detail': 'Too Many Requests'}]}
Herald of Secret Streams,PLST,Failed to upload image. Response: {'errors': [{'id': 'legacy-api-6f9c9dcd6-vfhd9/Qc03J8FJUm-1467751', 'code': '429', 'status': 'Too Many Requests', 'detail': 'Too Many Requests'}]}
Hidden Volcano,LCI,Failed to upload image. Response: {'errors': [{'id': 'legacy-api-6f9c9dcd6-5swfj/ZmQ5SIKnvg-2019938', 'code': '429', 'status': 'Too Many Requests', 'detail': 'Too Many Requests'}]}
Hoarding Ogre,PLST,Expecting value: line 2 column 1 (char 1)
Hopeful Vigil,WOE,Expecting value: line 2 column 1 (char 1)
Hordeling Outburst,PLST,Failed to upload image. Response: {'errors': [{'id': 'legacy-api-6f9c9dcd6-vfhd9/Qc03J8FJUm-1467836', 'code': '429', 'status': 'Too Many Requests', 'detail': 'Too Many Requests'}]}
Horned Sliver,PLST,Expecting value: line 2 column 1 (char 1)
Hulking Raptor,LCI,Expecting value: line 2 column 1 (char 1)
Hunter's Mark,PLST,Failed to upload image. Response: {'errors': [{'id': 'legacy-api-6f9c9dcd6-vfhd9/Qc03J8FJUm-1467920', 'code': '429', 'status': 'Too Many Requests', 'detail': 'Too Many Requests'}]}
Hunting Cheetah,MB2,Expecting value: line 2 column 1 (char 1)
Ideas Unbound,PLST,Expecting value: line 2 column 1 (char 1)
Idol of the Deep King // Sovereign's Macuahuitl,LCI,Expecting value: line 2 column 1 (char 1)
Impostor of the Sixth Pride,PLST,Expecting value: line 2 column 1 (char 1)
Incremental Growth,PLST,Expecting value: line 2 column 1 (char 1)
Indrik Stomphowler,PLST,Expecting value: line 2 column 1 (char 1)
Injector Crocodile,PLST,Expecting value: line 2 column 1 (char 1)
Inspiring Overseer,PLST,Failed to upload image. Response: {'errors': [{'id': 'legacy-api-6f9c9dcd6-vfhd9/Qc03J8FJUm-1468143', 'code': '429', 'status': 'Too Many Requests', 'detail': 'Too Many Requests'}]}
Intangible Virtue,WOT,Failed to upload image. Response: {'errors': [{'id': 'legacy-api-6f9c9dcd6-kmltb/g9bUNmQLxQ-2023820', 'code': '429', 'status': 'Too Many Requests', 'detail': 'Too Many Requests'}]}
Intrepid Paleontologist,LCI,Failed to upload image. Response: {'errors': [{'id': 'legacy-api-6f9c9dcd6-kmltb/g9bUNmQLxQ-2023861', 'code': '429', 'status': 'Too Many Requests', 'detail': 'Too Many Requests'}]}
Invigorating Surge,PLST,Expecting value: line 2 column 1 (char 1)
Jace Beleren,MB2,Failed to upload image. Response: {'errors': [{'id': 'legacy-api-6f9c9dcd6-kmltb/g9bUNmQLxQ-2023903', 'code': '429', 'status': 'Too Many Requests', 'detail': 'Too Many Requests'}]}
Jade Seedstones // Jadeheart Attendant,LCI,Expecting value: line 2 column 1 (char 1)
Journey to Nowhere,PLST,Failed to upload image. Response: {'errors': [{'id': 'legacy-api-6f9c9dcd6-vfhd9/Qc03J8FJUm-1468288', 'code': '429', 'status': 'Too Many Requests', 'detail': 'Too Many Requests'}]}
Jungle Lion,PLST,Failed to upload image. Response: {'errors': [{'id': 'legacy-api-6f9c9dcd6-qc45c/Vr2VGemBSB-2024899', 'code': '429', 'status': 'Too Many Requests', 'detail': 'Too Many Requests'}]}
Kami of False Hope,PLST,Expecting value: line 2 column 1 (char 1)
Karn|the Great Creator,[Errno 2] No such file or directory: 'MB2'
Kasmina|Enigmatic Mentor,[Errno 2] No such file or directory: 'PLST'
Kataki|War's Wage,[Errno 2] No such file or directory: 'MB2'
Kaya's Ghostform,PLST,Failed to upload image. Response: {'errors': [{'id': 'legacy-api-6f9c9dcd6-vfhd9/Qc03J8FJUm-1468374', 'code': '429', 'status': 'Too Many Requests', 'detail': 'Too Many Requests'}]}
Keeper of the Dead,PLST,Expecting value: line 2 column 1 (char 1)
Kenrith's Transformation,PLST,Failed to upload image. Response: {'errors': [{'id': 'legacy-api-6f9c9dcd6-vfhd9/Qc03J8FJUm-1468409', 'code': '429', 'status': 'Too Many Requests', 'detail': 'Too Many Requests'}]}
King's Assassin,MB2,Failed to upload image. Response: {'errors': [{'id': 'legacy-api-6f9c9dcd6-5swfj/ZmQ5SIKnvg-2020522', 'code': '429', 'status': 'Too Many Requests', 'detail': 'Too Many Requests'}]}
Kinjalli's Dawnrunner,LCI,Failed to upload image. Response: {'errors': [{'id': 'legacy-api-6f9c9dcd6-5swfj/ZmQ5SIKnvg-2020546', 'code': '429', 'status': 'Too Many Requests', 'detail': 'Too Many Requests'}]}
Kraul Harpooner,PLST,Expecting value: line 2 column 1 (char 1)
Krovikan Sorcerer,PLST,Failed to upload image. Response: {'errors': [{'id': 'legacy-api-6f9c9dcd6-qc45c/Vr2VGemBSB-2025080', 'code': '429', 'status': 'Too Many Requests', 'detail': 'Too Many Requests'}]}
Kutzil's Flanker,LCI,Failed to upload image. Response: {'errors': [{'id': 'legacy-api-6f9c9dcd6-kwn7b/Fj56TFDTC4-894856', 'code': '429', 'status': 'Too Many Requests', 'detail': 'Too Many Requests'}]}
Land Grant,PLST,Expecting value: line 2 column 1 (char 1)
Lash of Malice,PLST,Failed to upload image. Response: {'errors': [{'id': 'legacy-api-6f9c9dcd6-vfhd9/Qc03J8FJUm-1468559', 'code': '429', 'status': 'Too Many Requests', 'detail': 'Too Many Requests'}]}
Lava Dart,PLST,Expecting value: line 2 column 1 (char 1)
Lavinia|Azorius Renegade,[Errno 2] No such file or directory: 'SLD'
Leap,PLST,Failed to upload image. Response: {'errors': [{'id': 'legacy-api-6f9c9dcd6-5swfj/ZmQ5SIKnvg-2020738', 'code': '429', 'status': 'Too Many Requests', 'detail': 'Too Many Requests'}]}
Legacy's Allure,PLST,Expecting value: line 2 column 1 (char 1)
Lesser Gargadon,PLST,Failed to upload image. Response: {'errors': [{'id': 'legacy-api-6f9c9dcd6-qc45c/Vr2VGemBSB-2025265', 'code': '429', 'status': 'Too Many Requests', 'detail': 'Too Many Requests'}]}
Liliana's Caress,PLST,Expecting value: line 2 column 1 (char 1)
Llanowar Visionary,PLST,Expecting value: line 2 column 1 (char 1)
Magus of the Wheel,CMM,Failed to upload image. Response: {'errors': [{'id': 'legacy-api-6f9c9dcd6-qc45c/Vr2VGemBSB-2025326', 'code': '429', 'status': 'Too Many Requests', 'detail': 'Too Many Requests'}]}
Mana Flare,MB2,Failed to upload image. Response: {'errors': [{'id': 'legacy-api-6f9c9dcd6-kwn7b/Fj56TFDTC4-895109', 'code': '429', 'status': 'Too Many Requests', 'detail': 'Too Many Requests'}]}
Manabond,MB2,Expecting value: line 2 column 1 (char 1)
Marauding Brinefang,LCI,Failed to upload image. Response: {'errors': [{'id': 'legacy-api-6f9c9dcd6-kmltb/g9bUNmQLxQ-2024488', 'code': '429', 'status': 'Too Many Requests', 'detail': 'Too Many Requests'}]}
Masked Vandal,PLST,Failed to upload image. Response: {'errors': [{'id': 'legacy-api-6f9c9dcd6-kmltb/g9bUNmQLxQ-2024510', 'code': '429', 'status': 'Too Many Requests', 'detail': 'Too Many Requests'}]}
Massive Might,PLST,Failed to upload image. Response: {'errors': [{'id': 'legacy-api-6f9c9dcd6-g7fwm/DBOMLtEvTz-2026664', 'code': '429', 'status': 'Too Many Requests', 'detail': 'Too Many Requests'}]}
Master Splicer,PLST,Failed to upload image. Response: {'errors': [{'id': 'legacy-api-6f9c9dcd6-g7fwm/DBOMLtEvTz-2026693', 'code': '429', 'status': 'Too Many Requests', 'detail': 'Too Many Requests'}]}
Meekstone,MB2,Expecting value: line 2 column 1 (char 1)
Mental Note,PLST,Expecting value: line 2 column 1 (char 1)
Merciless Executioner,PLST,Expecting value: line 2 column 1 (char 1)
Meria's Outrider,PLST,Failed to upload image. Response: {'errors': [{'id': 'legacy-api-6f9c9dcd6-5swfj/ZmQ5SIKnvg-2021141', 'code': '429', 'status': 'Too Many Requests', 'detail': 'Too Many Requests'}]}
Military Intelligence,PLST,Expecting value: line 2 column 1 (char 1)
Mirror Image,PLST,Expecting value: line 2 column 1 (char 1)
Mistwalker,PLST,Failed to upload image. Response: {'errors': [{'id': 'legacy-api-6f9c9dcd6-g7fwm/DBOMLtEvTz-2026893', 'code': '429', 'status': 'Too Many Requests', 'detail': 'Too Many Requests'}]}
Molten Birth,PLST,Expecting value: line 2 column 1 (char 1)
Moment of Defiance,PLST,Expecting value: line 2 column 1 (char 1)
Murderous Rider // Swift End,PLST,Expecting value: line 2 column 1 (char 1)
Muscle Burst,PLST,Failed to upload image. Response: {'errors': [{'id': 'legacy-api-6f9c9dcd6-g7fwm/DBOMLtEvTz-2026987', 'code': '429', 'status': 'Too Many Requests', 'detail': 'Too Many Requests'}]}
Mutagenic Growth,PLST,Expecting value: line 2 column 1 (char 1)
Myrsmith,CMM,Failed to upload image. Response: {'errors': [{'id': 'legacy-api-6f9c9dcd6-kmltb/g9bUNmQLxQ-2024937', 'code': '429', 'status': 'Too Many Requests', 'detail': 'Too Many Requests'}]}
Mystic Sanctuary,MB2,Failed to upload image. Response: {'errors': [{'id': 'legacy-api-6f9c9dcd6-kmltb/g9bUNmQLxQ-2024958', 'code': '429', 'status': 'Too Many Requests', 'detail': 'Too Many Requests'}]}
Mystical Dispute,MB2,Failed to upload image. Response: {'errors': [{'id': 'legacy-api-6f9c9dcd6-qc45c/Vr2VGemBSB-2025920', 'code': '429', 'status': 'Too Many Requests', 'detail': 'Too Many Requests'}]}
Narcolepsy,PLST,Failed to upload image. Response: {'errors': [{'id': 'legacy-api-6f9c9dcd6-kwn7b/Fj56TFDTC4-895658', 'code': '429', 'status': 'Too Many Requests', 'detail': 'Too Many Requests'}]}
Natural Order,MB2,Expecting value: line 2 column 1 (char 1)
Necrologia,PLST,Failed to upload image. Response: {'errors': [{'id': 'legacy-api-6f9c9dcd6-g7fwm/DBOMLtEvTz-2027161', 'code': '429', 'status': 'Too Many Requests', 'detail': 'Too Many Requests'}]}
Nekrataal,PLST,Expecting value: line 2 column 1 (char 1)
Nezumi Prowler,PLST,Expecting value: line 2 column 1 (char 1)
Nightfire Giant,PLST,Expecting value: line 2 column 1 (char 1)
Nissa's Judgment,PLST,Expecting value: line 2 column 1 (char 1)
Oakhame Adversary,PLST,Expecting value: line 2 column 1 (char 1)
Oblivion Strike,PLST,Expecting value: line 2 column 1 (char 1)
Olivia's Bloodsworn,PLST,Failed to upload image. Response: {'errors': [{'id': 'legacy-api-6f9c9dcd6-kwn7b/Fj56TFDTC4-895930', 'code': '429', 'status': 'Too Many Requests', 'detail': 'Too Many Requests'}]}
Omen,PLST,Failed to upload image. Response: {'errors': [{'id': 'legacy-api-6f9c9dcd6-vfhd9/Qc03J8FJUm-1469662', 'code': '429', 'status': 'Too Many Requests', 'detail': 'Too Many Requests'}]}
Omen of the Sea,PLST,Expecting value: line 2 column 1 (char 1)
One with Nature,PLST,Expecting value: line 2 column 1 (char 1)
Ornithopter of Paradise,PLST,Expecting value: line 2 column 1 (char 1)
Orvar|the All-Form,[Errno 2] No such file or directory: 'SLD'
Orzhov Advokist,PLST,Expecting value: line 2 column 1 (char 1)
Oviya Pashiri|Sage Lifecrafter,[Errno 2] No such file or directory: 'CMM'
Path of Discovery,PLST,Failed to upload image. Response: {'errors': [{'id': 'legacy-api-6f9c9dcd6-g7fwm/DBOMLtEvTz-2027501', 'code': '429', 'status': 'Too Many Requests', 'detail': 'Too Many Requests'}]}
Patriar's Seal,PLST,Expecting value: line 2 column 1 (char 1)
Pendrell Drake,PLST,Expecting value: line 2 column 1 (char 1)
Pitchstone Wall,PLST,Expecting value: line 2 column 1 (char 1)
Plague Engineer,PLST,Failed to upload image. Response: {'errors': [{'id': 'legacy-api-6f9c9dcd6-kmltb/g9bUNmQLxQ-2025509', 'code': '429', 'status': 'Too Many Requests', 'detail': 'Too Many Requests'}]}
Plains,SLP,Failed to upload image. Response: {'errors': [{'id': 'legacy-api-6f9c9dcd6-kwn7b/Fj56TFDTC4-896233', 'code': '429', 'status': 'Too Many Requests', 'detail': 'Too Many Requests'}]}
Planar Atlas,PLST,Expecting value: line 2 column 1 (char 1)
Planar Disruption,PLST,Failed to upload image. Response: {'errors': [{'id': 'legacy-api-6f9c9dcd6-qc45c/Vr2VGemBSB-2026565', 'code': '429', 'status': 'Too Many Requests', 'detail': 'Too Many Requests'}]}
Plunge into Winter,WOE,Expecting value: line 2 column 1 (char 1)
Poison-Tip Archer,PLST,Failed to upload image. Response: {'errors': [{'id': 'legacy-api-6f9c9dcd6-kwn7b/Fj56TFDTC4-896353', 'code': '429', 'status': 'Too Many Requests', 'detail': 'Too Many Requests'}]}
Power Sink,PLST,Expecting value: line 2 column 1 (char 1)
Power Word Kill,PLST,Failed to upload image. Response: {'errors': [{'id': 'legacy-api-6f9c9dcd6-qc45c/Vr2VGemBSB-2026656', 'code': '429', 'status': 'Too Many Requests', 'detail': 'Too Many Requests'}]}
Predatory Nightstalker,PLST,Expecting value: line 2 column 1 (char 1)
Price of Glory,PLST,('Connection aborted.', ConnectionResetError(10054, 'An existing connection was forcibly closed by the remote host', None, 10054, None))
Prismatic Lens,PLST,Expecting value: line 2 column 1 (char 1)
Probe,PLST,Expecting value: line 2 column 1 (char 1)
Proteus Staff,MB2,Failed to upload image. Response: {'errors': [{'id': 'legacy-api-6f9c9dcd6-5swfj/ZmQ5SIKnvg-2022258', 'code': '429', 'status': 'Too Many Requests', 'detail': 'Too Many Requests'}]}
Putrid Goblin,PLST,Expecting value: line 2 column 1 (char 1)
Pyrewild Shaman,PLST,Expecting value: line 2 column 1 (char 1)
Pyrohemia,PLST,Failed to upload image. Response: {'errors': [{'id': 'legacy-api-6f9c9dcd6-kwn7b/Fj56TFDTC4-896636', 'code': '429', 'status': 'Too Many Requests', 'detail': 'Too Many Requests'}]}
Raging Minotaur,PLST,Expecting value: line 2 column 1 (char 1)
Raise the Alarm,PLST,Expecting value: line 2 column 1 (char 1)
Rambunctious Mutt,PLST,Failed to upload image. Response: {'errors': [{'id': 'legacy-api-6f9c9dcd6-kmltb/g9bUNmQLxQ-2026021', 'code': '429', 'status': 'Too Many Requests', 'detail': 'Too Many Requests'}]}
Ramosian Rally,PLST,Failed to upload image. Response: {'errors': [{'id': 'legacy-api-6f9c9dcd6-5swfj/ZmQ5SIKnvg-2022433', 'code': '429', 'status': 'Too Many Requests', 'detail': 'Too Many Requests'}]}
Reaper's Talisman,PLST,Failed to upload image. Response: {'errors': [{'id': 'legacy-api-6f9c9dcd6-5swfj/ZmQ5SIKnvg-2022459', 'code': '429', 'status': 'Too Many Requests', 'detail': 'Too Many Requests'}]}
Reckless Barbarian,PLST,Failed to upload image. Response: {'errors': [{'id': 'legacy-api-6f9c9dcd6-5swfj/ZmQ5SIKnvg-2022492', 'code': '429', 'status': 'Too Many Requests', 'detail': 'Too Many Requests'}]}
Reckless Bushwhacker,PLST,Expecting value: line 2 column 1 (char 1)
Recumbent Bliss,PLST,Expecting value: line 2 column 1 (char 1)
Referee Squad,PLST,Expecting value: line 2 column 1 (char 1)
Release the Dogs,PLST,Expecting value: line 2 column 1 (char 1)
Rescind,PLST,Expecting value: line 2 column 1 (char 1)
Reset,MB2,Failed to upload image. Response: {'errors': [{'id': 'legacy-api-6f9c9dcd6-5swfj/ZmQ5SIKnvg-2022669', 'code': '429', 'status': 'Too Many Requests', 'detail': 'Too Many Requests'}]}
Reveille Squad,PLST,Failed to upload image. Response: {'errors': [{'id': 'legacy-api-6f9c9dcd6-kmltb/g9bUNmQLxQ-2026290', 'code': '429', 'status': 'Too Many Requests', 'detail': 'Too Many Requests'}]}
Reya Dawnbringer,SLD,Expecting value: line 2 column 1 (char 1)
Rise of the Ants,PLST,Expecting value: line 2 column 1 (char 1)
Rite of Flame,MB2,Expecting value: line 2 column 1 (char 1)
River Bear,PLST,Failed to upload image. Response: {'errors': [{'id': 'legacy-api-6f9c9dcd6-g7fwm/DBOMLtEvTz-2028521', 'code': '429', 'status': 'Too Many Requests', 'detail': 'Too Many Requests'}]}
Rush of Vitality,PLST,Expecting value: line 2 column 1 (char 1)
Ruthless Knave,PLST,Failed to upload image. Response: {'errors': [{'id': 'legacy-api-6f9c9dcd6-5swfj/ZmQ5SIKnvg-2022844', 'code': '429', 'status': 'Too Many Requests', 'detail': 'Too Many Requests'}]}
Sabertooth Wyvern,PLST,Failed to upload image. Response: {'errors': [{'id': 'legacy-api-6f9c9dcd6-g7fwm/DBOMLtEvTz-2028591', 'code': '429', 'status': 'Too Many Requests', 'detail': 'Too Many Requests'}]}
Sanguine Bond,WOT,Expecting value: line 2 column 1 (char 1)
Scalelord Reckoner,MB2,Failed to upload image. Response: {'errors': [{'id': 'legacy-api-6f9c9dcd6-5swfj/ZmQ5SIKnvg-2022916', 'code': '429', 'status': 'Too Many Requests', 'detail': 'Too Many Requests'}]}
Scourge Devil,PLST,Expecting value: line 2 column 1 (char 1)
Sea Scryer,PLST,Expecting value: line 2 column 1 (char 1)
Searing Spear,PLST,Expecting value: line 2 column 1 (char 1)
Sentinel of Lost Lore,WOE,Failed to upload image. Response: {'errors': [{'id': 'legacy-api-6f9c9dcd6-vfhd9/Qc03J8FJUm-1471013', 'code': '429', 'status': 'Too Many Requests', 'detail': 'Too Many Requests'}]}
Serenity,MB2,Failed to upload image. Response: {'errors': [{'id': 'legacy-api-6f9c9dcd6-vfhd9/Qc03J8FJUm-1471036', 'code': '429', 'status': 'Too Many Requests', 'detail': 'Too Many Requests'}]}
Serra Sphinx,PLST,Expecting value: line 2 column 1 (char 1)
Severed Strands,PLST,Expecting value: line 2 column 1 (char 1)
Shared Summons,PLST,Failed to upload image. Response: {'errors': [{'id': 'legacy-api-6f9c9dcd6-vfhd9/Qc03J8FJUm-1471118', 'code': '429', 'status': 'Too Many Requests', 'detail': 'Too Many Requests'}]}
Shepherd of the Flock // Usher to Safety,PLST,Expecting value: line 2 column 1 (char 1)
Showdown of the Skalds,PLST,Expecting value: line 2 column 1 (char 1)
Shredded Sails,PLST,Failed to upload image. Response: {'errors': [{'id': 'legacy-api-6f9c9dcd6-g7fwm/DBOMLtEvTz-2028909', 'code': '429', 'status': 'Too Many Requests', 'detail': 'Too Many Requests'}]}
Shuko,BOK,Expecting value: line 2 column 1 (char 1)
Sign in Blood,PLST,Failed to upload image. Response: {'errors': [{'id': 'legacy-api-6f9c9dcd6-vfhd9/Qc03J8FJUm-1471239', 'code': '429', 'status': 'Too Many Requests', 'detail': 'Too Many Requests'}]}
Silvergill Douser,PLST,Expecting value: line 2 column 1 (char 1)
Silverglade Elemental,PLST,Failed to upload image. Response: {'errors': [{'id': 'legacy-api-6f9c9dcd6-5swfj/ZmQ5SIKnvg-2023257', 'code': '429', 'status': 'Too Many Requests', 'detail': 'Too Many Requests'}]}
Skeletal Wurm,PLST,Failed to upload image. Response: {'errors': [{'id': 'legacy-api-6f9c9dcd6-kwn7b/Fj56TFDTC4-897624', 'code': '429', 'status': 'Too Many Requests', 'detail': 'Too Many Requests'}]}
Skullsnatcher,PLST,Expecting value: line 2 column 1 (char 1)
Sky Crier,PLST,Failed to upload image. Response: {'errors': [{'id': 'legacy-api-6f9c9dcd6-kmltb/g9bUNmQLxQ-2026978', 'code': '429', 'status': 'Too Many Requests', 'detail': 'Too Many Requests'}]}
Skyknight Vanguard,PLST,Failed to upload image. Response: {'errors': [{'id': 'legacy-api-6f9c9dcd6-kwn7b/Fj56TFDTC4-897680', 'code': '429', 'status': 'Too Many Requests', 'detail': 'Too Many Requests'}]}
Skyshroud Elite,PLST,Expecting value: line 2 column 1 (char 1)
Skysnare Spider,PLST,Expecting value: line 2 column 1 (char 1)
Slaughter the Strong,PLST,Failed to upload image. Response: {'errors': [{'id': 'legacy-api-6f9c9dcd6-vfhd9/Qc03J8FJUm-1471476', 'code': '429', 'status': 'Too Many Requests', 'detail': 'Too Many Requests'}]}
Slippery Bogle,PLST,Failed to upload image. Response: {'errors': [{'id': 'legacy-api-6f9c9dcd6-qc45c/Vr2VGemBSB-2028037', 'code': '429', 'status': 'Too Many Requests', 'detail': 'Too Many Requests'}]}
Snake Pit,PLST,Expecting value: line 2 column 1 (char 1)
Snow-Covered Mountain,MB2,Failed to upload image. Response: {'errors': [{'id': 'legacy-api-6f9c9dcd6-qc45c/Vr2VGemBSB-2028082', 'code': '429', 'status': 'Too Many Requests', 'detail': 'Too Many Requests'}]}
Snow-Covered Swamp,MB2,Failed to upload image. Response: {'errors': [{'id': 'legacy-api-6f9c9dcd6-kwn7b/Fj56TFDTC4-897869', 'code': '429', 'status': 'Too Many Requests', 'detail': 'Too Many Requests'}]}
Solitary Sanctuary,WOE,Failed to upload image. Response: {'errors': [{'id': 'legacy-api-6f9c9dcd6-qc45c/Vr2VGemBSB-2028126', 'code': '429', 'status': 'Too Many Requests', 'detail': 'Too Many Requests'}]}
Sorcerous Sight,PLST,Failed to upload image. Response: {'errors': [{'id': 'legacy-api-6f9c9dcd6-kmltb/g9bUNmQLxQ-2027234', 'code': '429', 'status': 'Too Many Requests', 'detail': 'Too Many Requests'}]}
Spectral Sliver,PLST,Expecting value: line 2 column 1 (char 1)
Spike Colony,PLST,Expecting value: line 2 column 1 (char 1)
Spiketail Drake,PLST,Expecting value: line 2 column 1 (char 1)
Spitting Dilophosaurus,REX,Expecting value: line 2 column 1 (char 1)
Splendor Mare,PLST,Failed to upload image. Response: {'errors': [{'id': 'legacy-api-6f9c9dcd6-vfhd9/Qc03J8FJUm-1471763', 'code': '429', 'status': 'Too Many Requests', 'detail': 'Too Many Requests'}]}
Star Compass,PLST,Expecting value: line 2 column 1 (char 1)
Staunch Throneguard,CMM,Failed to upload image. Response: {'errors': [{'id': 'legacy-api-6f9c9dcd6-5swfj/ZmQ5SIKnvg-2023745', 'code': '429', 'status': 'Too Many Requests', 'detail': 'Too Many Requests'}]}
Steelshaper's Gift,CMM,Failed to upload image. Response: {'errors': [{'id': 'legacy-api-6f9c9dcd6-vfhd9/Qc03J8FJUm-1471830', 'code': '429', 'status': 'Too Many Requests', 'detail': 'Too Many Requests'}]}
Stingscourger,PLST,Expecting value: line 2 column 1 (char 1)
Stonecloaker,PLST,Expecting value: line 2 column 1 (char 1)
Storm Crow,PLST,Failed to upload image. Response: {'errors': [{'id': 'legacy-api-6f9c9dcd6-g7fwm/DBOMLtEvTz-2029692', 'code': '429', 'status': 'Too Many Requests', 'detail': 'Too Many Requests'}]}
Sublime Epiphany,PLST,Expecting value: line 2 column 1 (char 1)
Sunder the Gateway,PLST,Expecting value: line 2 column 1 (char 1)
Sunscape Familiar,PLST,Failed to upload image. Response: {'errors': [{'id': 'legacy-api-6f9c9dcd6-qc45c/Vr2VGemBSB-2028497', 'code': '429', 'status': 'Too Many Requests', 'detail': 'Too Many Requests'}]}
Surgical Skullbomb,PLST,Expecting value: line 2 column 1 (char 1)
Swamp,LCI,Failed to upload image. Response: {'errors': [{'id': 'legacy-api-6f9c9dcd6-qc45c/Vr2VGemBSB-2028595', 'code': '429', 'status': 'Too Many Requests', 'detail': 'Too Many Requests'}]}
Swarm of Rats,PLST,Failed to upload image. Response: {'errors': [{'id': 'legacy-api-6f9c9dcd6-kwn7b/Fj56TFDTC4-898454', 'code': '429', 'status': 'Too Many Requests', 'detail': 'Too Many Requests'}]}
Sword of the Meek,MB2,Failed to upload image. Response: {'errors': [{'id': 'legacy-api-6f9c9dcd6-g7fwm/DBOMLtEvTz-2029938', 'code': '429', 'status': 'Too Many Requests', 'detail': 'Too Many Requests'}]}
Syr Alin|the Lion's Claw,[Errno 2] No such file or directory: 'PLST'
Tanglespan Lookout,WOE,Expecting value: line 2 column 1 (char 1)
Tarnished Citadel,MB2,Failed to upload image. Response: {'errors': [{'id': 'legacy-api-6f9c9dcd6-vfhd9/Qc03J8FJUm-1472207', 'code': '429', 'status': 'Too Many Requests', 'detail': 'Too Many Requests'}]}
Taunting Sliver,CMM,Expecting value: line 2 column 1 (char 1)
Tear Asunder,PLST,Expecting value: line 2 column 1 (char 1)
Temporary Truce,MB2,Expecting value: line 2 column 1 (char 1)
Tetsuko Umezawa|Fugitive,[Errno 2] No such file or directory: 'PLST'
Tezzeret's Gambit,PLST,Expecting value: line 2 column 1 (char 1)
Thassa's Oracle,MB2,Expecting value: line 2 column 1 (char 1)
Thorn of the Black Rose,CMM,Failed to upload image. Response: {'errors': [{'id': 'legacy-api-6f9c9dcd6-5swfj/ZmQ5SIKnvg-2024337', 'code': '429', 'status': 'Too Many Requests', 'detail': 'Too Many Requests'}]}
Thriving Bluff,CMM,Failed to upload image. Response: {'errors': [{'id': 'legacy-api-6f9c9dcd6-kwn7b/Fj56TFDTC4-898767', 'code': '429', 'status': 'Too Many Requests', 'detail': 'Too Many Requests'}]}
Throes of Chaos,MB2,Expecting value: line 2 column 1 (char 1)
Thunderwave,PLST,Failed to upload image. Response: {'errors': [{'id': 'legacy-api-6f9c9dcd6-kwn7b/Fj56TFDTC4-898827', 'code': '429', 'status': 'Too Many Requests', 'detail': 'Too Many Requests'}]}
Tibalt|Rakish Instigator,[Errno 2] No such file or directory: 'PLST'
Timeless Dragon,PLST,Expecting value: line 2 column 1 (char 1)
Tin Street Hooligan,PLST,Expecting value: line 2 column 1 (char 1)
Tinder Wall,MB2,Expecting value: line 2 column 1 (char 1)
Toggo|Goblin Weaponsmith,[Errno 2] No such file or directory: 'PLST'
Tormented Angel,PLST,Failed to upload image. Response: {'errors': [{'id': 'legacy-api-6f9c9dcd6-5swfj/ZmQ5SIKnvg-2024551', 'code': '429', 'status': 'Too Many Requests', 'detail': 'Too Many Requests'}]}
Tormod's Crypt,MB2,Failed to upload image. Response: {'errors': [{'id': 'legacy-api-6f9c9dcd6-kwn7b/Fj56TFDTC4-898980', 'code': '429', 'status': 'Too Many Requests', 'detail': 'Too Many Requests'}]}
Torrent of Fire,PLST,Expecting value: line 2 column 1 (char 1)
Treasure Cruise,MB2,Failed to upload image. Response: {'errors': [{'id': 'legacy-api-6f9c9dcd6-qc45c/Vr2VGemBSB-2029233', 'code': '429', 'status': 'Too Many Requests', 'detail': 'Too Many Requests'}]}
Trostani's Judgment,PLST,("Connection broken: ConnectionResetError(10054, 'An existing connection was forcibly closed by the remote host', None, 10054, None)", ConnectionResetError(10054, 'An existing connection was forcibly closed by the remote host', None, 10054, None))
Trygon Predator,PLST,Expecting value: line 2 column 1 (char 1)
Tsabo's Web,MB2,Failed to upload image. Response: {'errors': [{'id': 'legacy-api-6f9c9dcd6-kwn7b/Fj56TFDTC4-899227', 'code': '429', 'status': 'Too Many Requests', 'detail': 'Too Many Requests'}]}
Unexpected Windfall,PLST,Expecting value: line 2 column 1 (char 1)
Unholy Heat,MB2,Failed to upload image. Response: {'errors': [{'id': 'legacy-api-6f9c9dcd6-vfhd9/Qc03J8FJUm-1472936', 'code': '429', 'status': 'Too Many Requests', 'detail': 'Too Many Requests'}]}
Valorous Stance,PLST,Expecting value: line 2 column 1 (char 1)
Venomspout Brackus,PLST,Expecting value: line 2 column 1 (char 1)
Veteran Explorer,MB2,('Connection aborted.', ConnectionResetError(10054, 'An existing connection was forcibly closed by the remote host', None, 10054, None))
Vine Mare,PLST,Expecting value: line 2 column 1 (char 1)
Volcanic Spite,PLST,Expecting value: line 2 column 1 (char 1)
Vow of Malice,PLST,Expecting value: line 2 column 1 (char 1)
Voyager Drake,PLST,Failed to upload image. Response: {'errors': [{'id': 'legacy-api-6f9c9dcd6-5swfj/ZmQ5SIKnvg-2025113', 'code': '429', 'status': 'Too Many Requests', 'detail': 'Too Many Requests'}]}
Wall of Mulch,PLST,Expecting value: line 2 column 1 (char 1)
Wall of Tears,PLST,Expecting value: line 2 column 1 (char 1)
Web of Inertia,PLST,Expecting value: line 2 column 1 (char 1)
Whipcorder,PLST,Expecting value: line 2 column 1 (char 1)
Whirler Rogue,PLST,Expecting value: line 2 column 1 (char 1)
Wirewood Channeler,PLST,Expecting value: line 2 column 1 (char 1)
Wirewood Guardian,PLST,Expecting value: line 2 column 1 (char 1)
Wispweaver Angel,PLST,Failed to upload image. Response: {'errors': [{'id': 'legacy-api-6f9c9dcd6-kmltb/g9bUNmQLxQ-2029153', 'code': '429', 'status': 'Too Many Requests', 'detail': 'Too Many Requests'}]}
Witch of the Moors,PLST,Expecting value: line 2 column 1 (char 1)
Witherbloom Apprentice,PLST,Expecting value: line 2 column 1 (char 1)
Yorion|Sky Nomad,[Errno 2] No such file or directory: 'MB2'
Yosei|the Morning Star,[Errno 2] No such file or directory: 'PLST'
You Are Already Dead,PLST,Failed to upload image. Response: {'errors': [{'id': 'legacy-api-6f9c9dcd6-kmltb/g9bUNmQLxQ-2029281', 'code': '429', 'status': 'Too Many Requests', 'detail': 'Too Many Requests'}]}
Zombie Cutthroat,PLST,Expecting value: line 2 column 1 (char 1)
Zombie Infestation,PLST,Failed to upload image. Response: {'errors': [{'id': 'legacy-api-6f9c9dcd6-kwn7b/Fj56TFDTC4-900076', 'code': '429', 'status': 'Too Many Requests', 'detail': 'Too Many Requests'}]}
Zombie Master,MB2,("Connection broken: ConnectionResetError(10054, 'An existing connection was forcibly closed by the remote host', None, 10054, None)", ConnectionResetError(10054, 'An existing connection was forcibly closed by the remote host', None, 10054, None))
Zoyowa Lava-Tongue,LCI,Expecting value: line 2 column 1 (char 1)
Zulaport Cutthroat,PLST,Expecting value: line 2 column 1 (char 1)
