CardName,SetCode,ImgurUri
About Face,PLST,https://i.imgur.com/xTVmP0U.jpeg
Abzan Battle Priest,PLST,https://i.imgur.com/XyTSTbw.jpeg
Acquisition Octopus,PLST,https://i.imgur.com/Y4S2W34.jpeg
Adamant Will,PLST,https://i.imgur.com/0OAeDoX.jpeg
Akroan Phalanx,PLST,https://i.imgur.com/INI02sW.jpeg
Ancient Grudge,MB2,https://i.imgur.com/UTWgECE.jpeg
Ancient Lumberknot,PLST,https://i.imgur.com/Fxw3VEI.jpeg
Angel of Vitality,PLST,https://i.imgur.com/D0brhCI.jpeg
Angelic Page,PLST,https://i.imgur.com/NoAMltE.jpeg
Aphetto Exterminator,PLST,https://i.imgur.com/Pl79sTa.jpeg
Apprentice Necromancer,PLST,https://i.imgur.com/LoXE5Gc.jpeg
Arc Lightning,PLST,https://i.imgur.com/6cwVdno.jpeg
Archetype of Finality,PLST,https://i.imgur.com/pigAn5K.jpeg
Ardent Elementalist,PLST,https://i.imgur.com/D0owHEk.jpeg
Argothian Opportunist,PLST,https://i.imgur.com/UEcfV51.jpeg
Armored Ascension,PLST,https://i.imgur.com/GYtFwSW.jpeg
Audacious Thief,PLST,https://i.imgur.com/Q8hmAdL.jpeg
Bad Moon,PLST,https://i.imgur.com/wfVptG4.jpeg
Baloth Woodcrasher,PLST,https://i.imgur.com/11bWMyE.jpeg
Barter in Blood,PLST,https://i.imgur.com/vfdBYTw.jpeg
Basri's Solidarity,PLST,https://i.imgur.com/yz8rn4k.jpeg
Bastion of Remembrance,CMM,https://i.imgur.com/6WO6Iz0.jpeg
Battle-Rage Blessing,PLST,https://i.imgur.com/AksxAnd.jpeg
Benevolent Bodyguard,PLST,https://i.imgur.com/b1zQTB6.jpeg
Berg Strider,PLST,https://i.imgur.com/kToqIsm.jpeg
Bladewing's Thrall,PLST,https://i.imgur.com/UjQzk1g.jpeg
Blatant Thievery,PLST,https://i.imgur.com/92W3GUg.jpeg
Body Double,PLST,https://i.imgur.com/Se9d0RZ.jpeg
Bond of Discipline,PLST,https://i.imgur.com/hSrHUb0.jpeg
Bookwurm,PLST,https://i.imgur.com/XPAXeEb.jpeg
Boonweaver Giant,PLST,https://i.imgur.com/IrcULmb.jpeg
Boots of Speed,PLST,https://i.imgur.com/T2dVcsH.jpeg
Boros Elite,PLST,https://i.imgur.com/AiP5px9.jpeg
Briar Patch,PLST,https://i.imgur.com/c94o8bY.jpeg
Brood Monitor,PLST,https://i.imgur.com/2RCDmOl.jpeg
Brute Force,PLST,https://i.imgur.com/WXxdMtb.jpeg
Burning Cloak,PLST,https://i.imgur.com/ijNmjg8.jpeg
Cavern Harpy,PLST,https://i.imgur.com/nTIKIgT.jpeg
Cenote Scout,LCI,https://i.imgur.com/OqFShma.jpeg
Cephalid Broker,PLST,https://i.imgur.com/Jm21TaA.jpeg
Cerulean Wyvern,PLST,https://i.imgur.com/CixRoXN.jpeg
Cheering Fanatic,PLST,https://i.imgur.com/V8GDoGI.jpeg
Chittering Rats,PLST,https://i.imgur.com/ibi5Sh8.jpeg
Cloak of Feathers,PLST,https://i.imgur.com/nQhH72l.jpeg
Cold-Water Snapper,PLST,https://i.imgur.com/GhuKGKy.jpeg
Collector Ouphe,MB2,https://i.imgur.com/XqwRaH5.jpeg
Complicate,PLST,https://i.imgur.com/6p5bBnd.jpeg
Conceited Witch // Price of Beauty,WOE,https://i.imgur.com/RtwebjB.jpeg
Conspicuous Snoop,PLST,https://i.imgur.com/MthQdLW.jpeg
Contagion,MB2,https://i.imgur.com/J6j7TbG.jpeg
Supreme Will,PLST,https://i.imgur.com/hWzULMs.jpeg
Trollbred Guardian,PLST,https://i.imgur.com/vHKj2Xl.jpeg
Wake Thrasher,PLST,https://i.imgur.com/26kt2ru.jpeg
